event,date
{name} was born on the day the Australian colonies federated.,1901-01-01
{name} was born on the day Edward VII became King of England and India.,1901-01-22
{name} was born on the day The Platt Amendment provided for Cuban independence.,1901-03-02
{name} was born on the day Theodore Roosevelt took office.,1901-09-06
{name} was born on the day the Eight-Nation Alliance defeated the Boxers.,1901-09-07
{name} was born on the day the first Nobel Prize awards took place.,1901-12-10
{name} was born on the day Guglielmo Marconi received the first transatlantic radio signal.,1901-12-12
{name} was born on the day the Unification of Saudi Arabia began.,1902-01-13
{name} was born on the day the Second Boer War ended.,1902-05-31
{name} was born on the day Arthur Balfour became Prime Minister.,1902-07-12
{name} was born on the day Willis Carrier invented the first modern electrical air conditioning unit.,1902-07-17
{name} was born on the day the first teddy bear was invented.,1903-02-15
{name} was born on the day King Alexander I of Serbia and Queen Draga were assassinated.,1903-06-11
{name} was born on the day the first Tour de France was held.,1903-07-01
{name} was born on the day Pius X became Pope.,1903-08-04
{name} was born on the day the independence of Panama from the Hay–Bunau-Varilla Treaty was signed.,1903-11-18
{name} was born on the day the Wright brothers made their first successful flight.,1903-12-17
{name} was born on the day the Russo-Japanese War started.,1904-02-08
{name} was born on the day the Entente Cordiale was signed.,1904-04-08
{name} was born on the day the Trans-Siberian Railway was completed.,1904-06-21
{name} was born on the day the Revolution of 1905 erupted.,1905-01-22
{name} was born on the day the First Moroccan Crisis began.,1905-03-31
{name} was born on the day Norway achieved independence.,1905-06-07
{name} was born on the day the Russo-Japanese War ended.,1905-09-05
{name} was born on the day Albert Einstein formulated special relativity.,1905-09-26
{name} was born on the day Bengal was partitioned.,1905-10-16
{name} was born on the day Henry Campbell-Bannerman became Prime Minister.,1905-12-05
{name} was born on the day an earthquake with a magnitude of 7.9 occurred in San Francisco.,1906-04-18
{name} was born on the day Alfred Dreyfus was exonerated.,1906-07-13
"{name} was born on the day a devastating earthquake hit Valparaíso, Chile.",1906-08-16
{name} was born on the day the Second Occupation of Cuba began.,1906-09-28
{name} was born on the day Alberto Santos-Dumont flew his aircraft.,1906-10-23
{name} was born on the day The Muslim League was formed.,1906-12-30
{name} was born on the day the Japan–Korea Treaty was signed.,1907-07-24
{name} was born on the day the Anglo-Russian Convention ended the Great Game.,1907-08-31
{name} was born on the day H. H. Asquith became Prime Minister.,1908-04-08
{name} was born on the day the first commercial Middle Eastern oilfield was established.,1908-05-26
{name} was born on the day the Tunguska event occurred.,1908-06-30
{name} was born on the day the Bureau of Investigation was founded.,1908-07-26
{name} was born on the day the Ford Motor Company invented the Model T.,1908-10-01
{name} was born on the day Bulgaria declared independence.,1908-10-05
{name} was born on the day Puyi became the last Emperor of China.,1908-12-02
{name} was born on the day of the 1908 Messina earthquake.,1908-12-28
{name} was born on the day William Howard Taft was inaugurated as President.,1909-03-04
{name} was born on the day the Anglo-Siamese Treaty of 1909 was signed.,1909-03-10
{name} was born on the day the Indian Councils Act was passed.,1909-03-12
{name} was born on the day Robert Peary claimed to reach the North Pole.,1909-04-06
{name} was born on the day a countercoup failed in the Ottoman Empire.,1909-04-13
{name} was born on the day Mohammad Ali Shah Qajar was forced to abdicate.,1909-07-16
{name} was born on the day the Boy Scouts of America was founded.,1910-02-08
{name} was born on the day George V became King of the United Kingdom.,1910-05-06
{name} was born on the day the Union of South Africa was created.,1910-05-31
{name} was born on the day the Kingdom of Montenegro declared its independence.,1910-08-28
{name} was born on the day Imperial Japan annexed Korea.,1910-08-29
{name} was born on the day the First Portuguese Republic was proclaimed.,1910-10-05
{name} was born on the day the Mexican Revolution began.,1910-11-20
{name} was born on the day Eugene Burton Ely landed an aircraft on a ship.,1911-01-18
{name} was born on the day the Triangle Shirtwaist Factory fire resulted in 146 worker deaths.,1911-03-25
{name} was born on the day the Italo-Turkish war began.,1911-09-29
{name} was born on the day the 1911 Revolution began.,1911-10-10
{name} was born on the day the Chevrolet Motor Company was founded.,1911-11-03
{name} was born on the day New Delhi became the capital of British India.,1911-12-12
{name} was born on the day Roald Amundsen reached the South Pole.,1911-12-14
{name} was born on the day the African National Congress was founded.,1912-02-08
{name} was born on the day the Chinese Empire ended and the Republic of China was established.,1912-02-12
{name} was born on the day Arizona became a U.S. state.,1912-02-14
{name} was born on the day Morocco became a protectorate of France.,1912-03-30
{name} was born on the day the RMS Titanic sank.,1912-04-15
{name} was born on the day the Meiji era ended.,1912-07-30
{name} was born on the day the Kuomintang was founded.,1912-08-25
{name} was born on the day the First Balkan War began.,1912-10-08
{name} was born on the day Ismail Enver came to power.,1913-01-23
{name} was born on the day Woodrow Wilson was inaugurated.,1913-03-04
{name} was born on the day The Rite of Spring premiered.,1913-05-29
{name} was born on the day the Treaty of London was signed.,1913-05-30
{name} was born on the day the Treaty of Bucharest occurred.,1913-08-10
{name} was born on the day Ford introduced its first moving assembly line.,1913-10-07
{name} was born on the day the Federal Reserve System was created.,1913-12-23
{name} was born on the day Gavrilo Princip assassinated Archduke Franz Ferdinand.,1914-06-28
{name} was born on the day the Panama Canal opened.,1914-08-15
{name} was born on the day Martha died.,1914-09-01
{name} was born on the day Benedict XV became Pope.,1914-09-03
{name} was born on the day the United Kingdom established the Sultanate of Egypt as a protectorate.,1914-12-19
{name} was born on the day of the Christmas Truce.,1914-12-25
{name} was born on the day the Second Battle of Ypres began.,1915-04-22
{name} was born on the day the deportation of Armenian leaders signaled the start of the Armenian Genocide.,1915-04-24
{name} was born on the day the RMS Lusitania sank.,1915-05-07
{name} was born on the day the United States occupation of Haiti began.,1915-07-28
{name} was born on the day the Allied forces at Gallipoli withdrew due to heavy casualties.,1916-01-09
{name} was born on the day Bayerische Flugzeugwerke was founded.,1916-03-07
{name} was born on the day the first nationwide daylight saving time implementation occurred.,1916-04-30
{name} was born on the day The Warlord Era began in China.,1916-06-06
{name} was born on the day the Arab Revolt began.,1916-06-10
{name} was born on the day David Lloyd George became Prime Minister.,1916-12-06
{name} was born on the day Grigori Rasputin was assassinated.,1916-12-30
{name} was born on the day the Russian Revolution ended and the Russian Civil War began.,1917-03-08
{name} was born on the day the USA joined the Entente.,1917-04-06
{name} was born on the day the first Pulitzer Prizes were announced.,1917-06-04
{name} was born on the day the Ukrainian–Soviet War began.,1917-11-08
{name} was born on the day the National Hockey League was formed.,1917-11-26
{name} was born on the day Finland gained independence.,1917-12-06
{name} was born on the day Ukraine declared independence from Russia.,1918-01-22
{name} was born on the day the Spanish flu pandemic began.,1918-03-11
{name} was born on the day Belarus declared its independence from Russia.,1918-03-25
{name} was born on the day the Armenian-Azerbaijani War began.,1918-03-30
{name} was born on the day Azerbaijan Democratic Republic was declared.,1918-05-28
{name} was born on the day Mehmed VI became the last Sultan of the Ottoman Empire.,1918-07-04
{name} was born on the day the German Revolution began.,1918-10-29
{name} was born on the day Wilhelm II abdicated.,1918-11-09
{name} was born on the day the Kingdom of Iceland was formed.,1918-12-01
{name} was born on the day the First Red Scare began and the Irish War of Independence started.,1919-01-21
{name} was born on the day the Polish-Soviet War began.,1919-02-14
{name} was born on the day the Communist International was established.,1919-03-02
{name} was born on the day the International Labour Organization was established.,1919-04-11
{name} was born on the day the Jallianwala Bagh massacre occurred.,1919-04-13
{name} was born on the day the Turkish War of Independence began.,1919-05-19
{name} was born on the day The Treaty of Versailles redrew European borders.,1919-06-28
{name} was born on the day the Polish-Ukrainian War ended.,1919-07-18
{name} was born on the day the German Revolution ended.,1919-08-11
{name} was born on the day Feline Follies was released.,1919-11-19
{name} was born on the day the League of Nations was founded.,1920-01-10
{name} was born on the day Prohibition began in the United States.,1920-01-17
{name} was born on the day of Victory in the Estonian War of Independence.,1920-02-02
{name} was born on the day Mandatory Palestine was established.,1920-04-25
{name} was born on the day Mahatma Gandhi launched the Non-cooperation movement.,1920-09-05
{name} was born on the day the Mexican Revolution ended.,1920-12-01
{name} was born on the day the science-fiction play R.U.R. premiered.,1921-01-25
{name} was born on the day Warren G. Harding became President of the United States.,1921-03-04
{name} was born on the day the Polish-Soviet War ended.,1921-03-18
{name} was born on the day Adolf Hitler became the Führer of the Nazi Party.,1921-07-29
{name} was born on the day the Italian National Fascist Party was established.,1921-11-09
{name} was born on the day the Ukrainian-Soviet War ended.,1921-11-17
{name} was born on the day the Pahlavi dynasty came to power.,1921-12-15
{name} was born on the day James Joyce published Ulysses.,1922-02-02
{name} was born on the day Egypt gained independence.,1922-02-28
{name} was born on the day the Irish Civil War began.,1922-06-28
{name} was born on the day Bonar Law became Prime Minister.,1922-10-23
{name} was born on the day March on Rome brought Benito Mussolini to power.,1922-10-28
{name} was born on the day the Ottoman Sultanate was abolished.,1922-11-01
{name} was born on the day the Tomb of Tutankhamun was discovered.,1922-11-04
{name} was born on the day the British Broadcasting Corporation was established.,1922-11-14
{name} was born on the day the Irish Free State was established.,1922-12-06
{name} was born on the day Gabriel Narutowicz was assassinated.,1922-12-16
{name} was born on the day the USSR was formed.,1922-12-30
{name} was born on the day the Italian reconquest of Libya began.,1923-01-26
{name} was born on the day Time Magazine was first published.,1923-03-03
{name} was born on the day Stanley Baldwin became Prime Minister.,1923-05-22
{name} was born on the day the Irish Civil War ended.,1923-05-24
{name} was born on the day a military coup ousted and killed Bulgarian Prime Minister Aleksandar Stamboliyski.,1923-06-09
{name} was born on the day the Russian Civil War ended.,1923-06-16
{name} was born on the day Warren G. Harding died and Calvin Coolidge took over.,1923-08-02
{name} was born on the day the Great Kantō earthquake occurred.,1923-09-01
{name} was born on the day the Turkish War of Independence ended.,1923-10-11
{name} was born on the day The Walt Disney Company was founded.,1923-10-16
{name} was born on the day Mustafa Kemal Atatürk became the President of Turkey.,1923-10-29
{name} was born on the day the Beer Hall Putsch ended.,1923-11-08
{name} was born on the day hyperinflation in Germany ended.,1923-11-15
{name} was born on the day the power struggle started after Vladimir Lenin's death.,1924-01-21
{name} was born on the day Ramsay MacDonald became Prime Minister.,1924-01-22
{name} was born on the day Rhapsody in Blue premiered.,1924-02-12
{name} was born on the day the Caliphate was abolished.,1924-03-03
{name} was born on the day the Immigration Act of 1924 took effect.,1924-05-24
{name} was born on the day of the August Uprising.,1924-08-28
{name} was born on the day Stanley Baldwin became Prime Minister.,1924-11-04
{name} was born on the day Benito Mussolini started his dictatorship.,1925-01-03
{name} was born on the day Hitler's Mein Kampf was published.,1925-07-18
{name} was born on the day the 1926 coup d'état occurred.,1926-05-28
{name} was born on the day National Broadcasting Company was founded.,1926-06-19
{name} was born on the day the Kuomintang began the Northern Expedition.,1926-07-01
{name} was born on the day General Georgios Kondylis overthrew General Theodoros Pangalos.,1926-08-22
{name} was born on Christmas Day when Emperor Taishō died.,1926-12-25
{name} was born on the day the BBC received a Royal charter.,1927-01-01
{name} was born on the day the United Kingdom of Great Britain and Ireland became the United Kingdom of Great Britain and Northern Ireland.,1927-05-13
{name} was born on the day the Bath School disaster occurred.,1927-05-18
{name} was born on the day Saudi Arabia gained independence.,1927-05-20
{name} was born on the day the Chinese Civil War began.,1927-08-01
{name} was born on the day Columbia Broadcasting System was founded.,1927-09-18
{name} was born on the day Mount Rushmore construction began.,1927-10-04
{name} was born on the day The Jazz Singer was released.,1927-10-06
{name} was born on the day Joseph Stalin became dictator.,1927-11-12
{name} was born on the day the Muslim Brotherhood was founded.,1928-03-22
{name} was born on the day the Kellogg–Briand Pact was signed.,1928-07-24
{name} was born on the day King Zog I was crowned.,1928-09-01
{name} was born on the day penicillin was rediscovered.,1928-09-03
{name} was born on the day the Afghan Civil War began.,1928-11-14
{name} was born on the day Steamboat Willie was released.,1928-11-18
{name} was born on the day the Warlord Era ended.,1928-12-29
{name} was born on the day Pope Pius XI signed the Lateran Treaty.,1929-02-11
{name} was born on the day the Saint Valentine's Day Massacre occurred.,1929-02-14
{name} was born on the day Herbert Hoover was inaugurated as President.,1929-03-04
{name} was born on the day the first Academy Awards were presented.,1929-05-16
{name} was born on the day Ramsay MacDonald became Prime Minister.,1929-06-05
{name} was born on the day Pluto was discovered.,1930-02-18
{name} was born on the day of the Salt March,1930-03-12
{name} was born on the day Haile Selassie became Emperor.,1930-04-02
{name} was born on the day Sinkin' in the Bathtub was released.,1930-04-19
{name} was born on the day the construction of Chrysler Building was completed.,1930-05-27
{name} was born on the day King Kullen opened.,1930-08-04
{name} was born on the day the Nazi Party increased its share of the vote.,1930-09-14
{name} was born on the day the Vargas Era began in Brazil.,1930-11-03
{name} was born on the day Vatican Radio started broadcasting.,1931-02-12
{name} was born on the day The Star-Spangled Banner was adopted.,1931-03-03
{name} was born on the day the Second Spanish Republic was declared.,1931-04-14
{name} was born on the day the Empire State Building was completed.,1931-05-01
{name} was born on the day Clyde Pangborn and Hugh Herndon completed the first non-stop trans-Pacific flight.,1931-10-05
{name} was born on the day the Chinese Soviet Republic was proclaimed.,1931-11-07
{name} was born on the day Christ the Redeemer was completed.,1931-12-12
{name} was born on the day of Lindbergh's child kidnapping.,1932-03-01
{name} was born on the day Éamon de Valera became Prime Minister.,1932-03-09
{name} was born on the day a military coup occurred in Chile.,1932-06-04
{name} was born on the day the Siamese Revolution established a constitutional monarchy.,1932-06-24
{name} was born on the day the Chaco War began.,1932-09-09
{name} was born on the day the BBC World Service started broadcasting.,1932-12-19
{name} was born on the day Adolf Hitler became Chancellor of Germany.,1933-01-30
{name} was born on the day Franklin D. Roosevelt was inaugurated.,1933-03-04
{name} was born on the day Japan announced its withdrawal from the League of Nations.,1933-03-27
{name} was born on the day Germany withdrew from the League of Nations.,1933-10-14
{name} was born on the day Prohibition in the United States was abolished.,1933-12-05
{name} was born on the day the United States granted more autonomy to the Philippines.,1934-03-24
{name} was born on the day Bonnie and Clyde were killed.,1934-05-23
{name} was born on the day John Dillinger was gunned down by the FBI.,1934-07-22
{name} was born on the day Engelbert Dollfuss died.,1934-07-25
{name} was born on the day the United States occupation of Haiti ended.,1934-08-01
{name} was born on the day Hitler declared himself Führer of Germany.,1934-08-02
{name} was born on the day Mao Zedong began the Long March.,1934-10-16
{name} was born on the day 20th Century Fox was established.,1935-05-31
{name} was born on the day Reza Shah asked to rename Persia to Iran.,1935-03-21
{name} was born on the day the Chaco War ended.,1935-06-12
{name} was born on the day the Nuremberg racial laws were enacted.,1935-09-15
{name} was born on the day the Second Italo-Ethiopian War begins.,1935-10-03
{name} was born on the day Edward VIII became King.,1936-01-20
{name} was born on the day Italy annexed Ethiopia.,1936-05-09
{name} was born on the day the Spanish Civil War began.,1936-07-17
{name} was born on the day the last thylacine died.,1936-09-07
{name} was born on the day the Boy Scouts of the Philippines were founded.,1936-10-31
{name} was born on the day Edward VIII abdicated the throne.,1936-12-11
{name} was born on the day the German airship Hindenburg crashed.,1937-05-06
{name} was born on the day Neville Chamberlain became Prime Minister.,1937-05-28
{name} was born on the day Japan invaded China.,1937-07-07
{name} was born on the day Toyota was founded.,1937-08-28
{name} was born on the day The Hobbit was published.,1937-09-21
{name} was born on the day The Nanjing Massacre began.,1937-12-13
{name} was born on the day Snow White and the Seven Dwarfs was released.,1937-12-21
{name} was born on the day Germany unified with Austria.,1938-03-12
Superman was born on the day it had its first appearance.,1938-04-18
{name} was born on the day László Bíró patented the first commercially successful ballpoint pen.,1938-06-15
{name} was born on the day the Munich Agreement handed Czechoslovakia to Nazi Germany.,1938-09-30
{name} was born on the day Pius XII became Pope.,1939-03-02
{name} was born on the day the Spanish Civil War ended and Francisco Franco became dictator.,1939-04-01
{name} was born on the day the Molotov-Ribbentrop Pact was signed.,1939-08-23
{name} was born on the day Metro-Goldwyn-Mayer released The Wizard of Oz.,1939-08-25
{name} was born on the day World War II began.,1939-09-03
{name} was born on the day Ferrari was founded.,1939-09-13
{name} was born on the day the Winter War ended.,1940-03-13
{name} was born on the day Winston Churchill became Prime Minister.,1940-05-10
{name} was born on the day McDonald's was founded.,1940-05-15
{name} was born on the day Leon Trotsky was assassinated.,1940-08-20
{name} was born on the day The Blitz began.,1940-09-07
{name} was born on the day the Continuation War began.,1941-06-25
{name} was born on the day the Siege of Leningrad began.,1941-09-08
{name} was born on the day the Japanese Attack on Pearl Harbor occurred.,1941-12-07
{name} was born on the day of the Bataan Death March.,1942-04-09
{name} was born on the release date of Disney's Bambi.,1942-08-13
{name} was born on the day The Pentagon was completed.,1943-01-15
{name} was born on the day the Battle of Stalingrad ended.,1943-02-02
{name} was born on the day the American Broadcasting Company was founded.,1943-05-15
{name} was born on the day José P. Laurel took the oath of office as President.,1943-10-14
{name} was born on the day the Siege of Leningrad ended.,1944-01-27
{name} was born on the day Colossus came online.,1944-06-01
{name} was born on the day of D-Day landings,1944-06-06
{name} was born on the day Adolf Hitler survived the assassination attempt.,1944-07-20
{name} was born on the day the Continuation War ended.,1944-09-19
{name} was born on the day Harry Truman assumed office.,1945-04-12
{name} was born on the day Benito Mussolini was executed.,1945-04-28
{name} was born on the day Adolf Hitler committed suicide in Berlin.,1945-04-30
{name} was born on the day the United Nations was founded.,1945-06-26
{name} was born on the day Clement Attlee became Prime Minister.,1945-07-26
{name} was born on Victory over Japan Day.,1945-08-15
{name} was born on the day Independence of Indonesia was proclaimed.,1945-08-17
{name} was born on the day World War II ended in Asia.,1945-09-02
{name} was born on the day the microwave cooking oven was patented.,1945-10-08
{name} was born on the day Getúlio Vargas was deposed.,1945-10-29
{name} was born on the day Jordan gained independence.,1946-03-22
{name} was born on the day the Greek Civil War began.,1946-03-30
{name} was born on the day Italy became a republic.,1946-06-02
{name} was born on the day Bhumibol Adulyadej became King of Thailand.,1946-06-09
{name} was born on the day the Philippines declared independence.,1946-07-04
{name} was born on the day Mustafa Barzani founded the Kurdistan Democratic Party.,1946-08-16
{name} was born on the day the French Fourth Republic was established.,1946-10-27
{name} was born on the day the First Indochina War began.,1946-12-19
{name} was born on the day the Truman Doctrine was established.,1947-03-12
{name} was born on the day Jackie Robinson became the first African American baseball player to play in modern Major League Baseball.,1947-04-15
{name} was born on the day the U.S. Central Intelligence Agency was created.,1947-07-26
{name} was born on the day Mahatma Gandhi was assassinated.,1948-01-30
{name} was born on the day Burma and Ceylon gained independence from Britain.,1948-02-04
{name} was born on the day The Marshall Plan came into effect.,1948-04-03
{name} was born on the day WHO was founded.,1948-04-07
{name} was born on the day the OECD was founded.,1948-04-16
{name} was born on the day the Soviet Sever-2 expedition reached the North Pole.,1948-04-23
{name} was born on the day the United Nations established Israeli Independence.,1948-05-14
{name} was born on the day the Arab-Israeli War began.,1948-05-15
{name} was born on the day the Berlin Blockade began.,1948-06-24
{name} was born on the day Honda was founded.,1948-09-24
{name} was born on the day the Universal Declaration of Human Rights was adopted.,1948-12-10
{name} was born on the day The First Indo-Pakistani War ended.,1949-01-05
{name} was born on the day the Arab–Israeli War ended.,1949-03-10
{name} was born on the day NATO was created.,1949-04-04
{name} was born on the day the Berlin Blockade ended.,1949-05-12
{name} was born on the day West Germany was created.,1949-05-23
{name} was born on the day George Orwell published Nineteen Eighty-Four.,1949-06-08
{name} was born on the day Albert II became the first mammal in space.,1949-06-14
{name} was born on the day the People's Republic of China was established.,1949-10-01
{name} was born on the day East Germany was created.,1949-10-07
{name} was born on the day the Constitution of India came into effect.,1950-01-26
{name} was born on the release date of Disney's Cinderella.,1950-02-15
{name} was born on the day the North Korean invasion began.,1950-06-25
{name} was born on the day Bertie the Brain was released.,1950-08-25
{name} was born on the day Lhamo Dondrub assumed full political powers as the 14th Dalai Lama.,1950-11-17
{name} was born on the day Peoples' World Convention took place.,1950-12-30
{name} was born on the day the Colombo Plan commenced.,1951-07-01
{name} was born on the day the Occupation of Japan ended.,1951-09-08
{name} was born on the day The Day the Earth Stood Still was released.,1951-09-18
{name} was born on the day Winston Churchill became Prime Minister of the United Kingdom.,1951-10-26
{name} was born on the day Queen Elizabeth II became monarch.,1952-02-06
{name} was born on the day the first passenger jet flight route opened between London and Johannesburg.,1952-05-02
{name} was born on the day the Miss Universe pageant was established.,1952-06-28
{name} was born on the day the Egyptian Revolution ended British occupation.,1952-07-23
{name} was born on the day Eva Perón died.,1952-07-26
{name} was born on the day the United States detonated the first hydrogen bomb.,1952-11-01
{name} was born on the day Dwight D. Eisenhower was inaugurated.,1953-01-20
{name} was born on the day Death of Stalin occurred.,1953-03-05
{name} was born on the day the structure of DNA was discovered.,1953-04-25
{name} was born on the day the first ascent of Mount Everest took place.,1953-05-29
{name} was born on the Coronation Day of Elizabeth II.,1953-06-02
{name} was born on the day the Korean War ended.,1953-07-27
{name} was born on the day Mohammed Mossadeq was deposed.,1953-08-19
{name} was born on the day ABS-CBN started broadcasting.,1953-10-23
{name} was born on the day Cambodia gained independence.,1953-11-09
{name} was born on the day Rock Around the Clock brought rock and roll to the American mainstream.,1954-04-12
{name} was born on the day the Supreme Court decided Brown v. Board of Education.,1954-05-17
{name} was born on the day The Fellowship of the Ring was published.,1954-07-29
{name} was born on the day the First Indochina War ended.,1954-08-01
{name} was born on the day the First Taiwan Strait Crisis began.,1954-09-03
{name} was born on the day the Soviet Union generated its first electricity by nuclear power.,1954-09-14
{name} was born on the day the Western European Union was established.,1954-10-23
{name} was born on the day the Algerian War began.,1954-11-01
{name} was born on the day Godzilla was released.,1954-11-03
{name} was born on the day the Central Treaty Organization was formed.,1955-02-24
{name} was born on the day the Salk polio vaccine received full FDA approval.,1955-04-12
{name} was born on the day Albert Einstein died.,1955-04-18
{name} was born on the First Taiwan Strait Crisis ended.,1955-05-01
{name} was born on the day the Warsaw Pact was signed.,1955-05-14
{name} was born on the day the First Sudanese Civil War began.,1955-08-18
{name} was born on the day Sudan gained independence from Britain.,1956-01-01
{name} was born on the day the United States recognised Moroccan independence.,1956-03-07
{name} was born on the day Tunisia gained independence from France.,1956-03-20
{name} was born on the day Pakistan became a republic.,1956-03-23
{name} was born on the day the first Eurovision was held.,1956-05-09
{name} was born on the day the Hungarian Uprising was crushed.,1956-11-11
{name} was born on the day Harold Macmillan became Prime Minister of the United Kingdom.,1957-01-10
{name} was born on the day Ghana gained independence from Britain.,1957-03-06
{name} was born on the day Philippine President Ramon Magsaysay and others were killed in a plane crash.,1957-03-17
{name} was born on the day the Treaty of Rome was signed.,1957-03-25
{name} was born on the day the Federation of Malaya gained independence.,1957-08-31
{name} was born on the day Sputnik 1 was launched.,1957-10-04
{name} was born on the day Laika was launched into space.,1957-11-03
{name} was born on the day the Boeing 707 first flew.,1957-12-20
{name} was born on the day Pizza Hut was founded.,1958-05-31
{name} was born on the day NASA was formed.,1958-07-29
{name} was born on the day the Federal Aviation Administration was formed.,1958-08-23
{name} was born on the day Guinea gained independence from France.,1958-10-02
{name} was born on the day the French Fifth Republic was established.,1958-10-04
John XXIII was born on the day he became Pope.,1958-10-28
{name} was born on the day the Cuban Revolution ended.,1959-01-01
{name} was born on the day Alaska became a US state.,1959-01-03
{name} was born on the day Barbie doll debuted.,1959-03-09
{name} was born on the day Cyprus gained independence.,1959-02-19
{name} was born on the day Hawaii was admitted to the United States.,1959-08-21
{name} was born on the day the USSR probe Luna 3 sent back the first photos of the far side of the Moon.,1959-10-07
{name} was born on the day the Vietnam War began.,1959-11-01
{name} was born on the day the first crewed descent to the Mariana Trench occurred.,1960-01-22
{name} was born on the day the Sharpeville Massacre occurred.,1960-03-21
{name} was born on the day the construction of Brasília was finished.,1960-04-21
{name} was born on the day the 1960 U-2 incident sparked deterioration in relations between superpowers.,1960-05-01
{name} was born on the day the birth control pill became commercially available.,1960-05-09
{name} was born on the day the construction of the first laser started.,1960-05-16
"{name} was born on the day a devastating earthquake hit Valdivia, Chile.",1960-05-22
{name} was born on the day Inejiro Asanuma was assassinated.,1960-10-12
{name} was born on the day the first televised presidential debates took place.,1960-11-08
{name} was born on the day the Congo Crisis began.,1961-01-17
{name} was born on the day John F. Kennedy became President.,1961-01-20
{name} was born on the day Yuri Gagarin became the first human in space.,1961-04-12
{name} was born on the day John F. Kennedy declared his objective of landing a man on the Moon.,1961-05-25
{name} was born on the day the Berlin Wall was constructed.,1961-08-13
{name} was born on the day Dag Hammarskjöld died in a plane crash.,1961-09-18
{name} was born on the day the Algerian War ended.,1962-03-19
{name} was born on the day Walmart was founded.,1962-07-02
{name} was born on the day the Mutawakkilite Kingdom of Yemen ended with a coup.,1962-09-26
{name} was born on the day the Second Vatican Council was opened.,1962-10-11
{name} was born on the day the Astro Boy anime premiered.,1963-01-01
{name} was born on the day the Indonesia-Malaysia confrontation began.,1963-01-20
{name} was born on the day The Beatles' first record 'Please Please Me' was released.,1963-03-22
{name} was born on the day the Buddhist crisis began in South Vietnam.,1963-05-08
{name} was born on the day Bob Dylan released The Freewheelin' Bob Dylan.,1963-05-27
{name} was born on the day Paul VI became Pope.,1963-06-21
{name} was born on the day the first geostationary satellite was launched.,1963-07-26
{name} was born on the day Martin Luther King Jr. delivered his 'I Have a Dream' speech.,1963-08-28
{name} was born on the day Ngo Dinh Diem was assassinated.,1963-11-02
{name} was born on the day John F. Kennedy was assassinated.,1963-11-22
{name} was born on the day the Zanzibar Revolution overthrew the Afro Shiraz ruling class.,1964-01-12
{name} was born on the day The Great Alaska Earthquake occurred.,1964-03-27
{name} was born on the day the Colombian armed conflict began.,1964-05-27
{name} was born on the day the Civil Rights Act abolished segregation.,1964-07-02
{name} was born on the day the Rhodesian Bush War began.,1964-07-04
{name} was born on the day Malawi gained independence.,1964-07-06
{name} was born on the day the Gulf of Tonkin incident escalated U.S. military involvement in Vietnam.,1964-08-02
{name} was born on the day Malta gained independence.,1964-09-21
{name} was born on the day Leonid Brezhnev assumed power.,1964-10-14
{name} was born on the day China detonated its first nuclear weapon.,1964-10-16
{name} was born on the day NASA launched the Mariner 4 space probe.,1964-11-28
{name} was born on the day Winston Churchill died.,1965-01-24
{name} was born on the day Malcolm X was assassinated.,1965-02-21
{name} was born on the day The Voting Rights Act of 1965 was inspired.,1965-03-17
{name} was born on the day the Dominican Civil War ended.,1965-04-24
{name} was born on the day Rede Globo was established.,1965-04-26
{name} was born on the day Eli Cohen was hanged.,1965-05-18
{name} was born on the day Singapore gained independence.,1965-08-09
{name} was born on the day Bob Dylan released Highway 61 Revisited.,1965-08-30
{name} was born on the day the 30 September Movement occurred.,1965-09-30
{name} was born on the day the Second Vatican Council was closed.,1965-12-08
{name} was born on the day Ferdinand Marcos became President of the Philippines.,1965-12-30
{name} was born on the day the Indonesia–Malaysia confrontation ended.,1966-08-11
{name} was born on the day Botswana gained independence.,1966-09-30
{name} was born on the day Lesotho gained independence.,1966-10-04
{name} was born on the day The Aberfan disaster occurred.,1966-10-21
{name} was born on the day Barbados gained independence.,1966-11-30
{name} was born on the death of Walt Disney.,1966-12-15
{name} was born on the day the Greek military coup established a dictatorship.,1967-04-21
{name} was born on the day the Biafran secession triggered the Nigerian Civil War.,1967-07-06
{name} was born on the day John Coltrane died.,1967-07-17
{name} was born on the day ASEAN was founded.,1967-08-08
{name} was born on the day The Beatles released Sgt. Pepper's Lonely Hearts Club Band.,1967-05-26
{name} was born on the day the March on the Pentagon became a major event.,1967-10-21
{name} was born on the day Australian Prime Minister Harold Holt disappeared.,1967-12-17
{name} was born on the day the My Lai massacre occurred.,1968-03-16
{name} was born on the day the Battle of Karameh occurred.,1968-03-21
{name} was born on the day Martin Luther King Jr. was assassinated.,1968-04-04
{name} was born on the day Robert F. Kennedy was assassinated.,1968-06-05
{name} was born on the day of the 1968 Democratic National Convention protests.,1968-08-23
{name} was born on the day the First World Constituent Assembly took place.,1968-08-27
{name} was born on the day Swaziland gained independence.,1968-09-06
{name} was born on the day Samsung Electronics was founded.,1969-01-13
{name} was born on the day Richard Nixon became the President of the United States.,1969-01-20
{name} was born on the day Concorde made its first flight.,1969-03-02
{name} was born on the day Charles de Gaulle resigned.,1969-04-28
{name} was born on the day of Apollo 11 Moon landing.,1969-07-20
{name} was born on the day Muammar Gaddafi overthrew King Idris.,1969-09-01
{name} was born on the day ARPANET was created.,1969-10-29
{name} was born on the day Sesame Street premiered its debut episode.,1969-11-10
{name} was born on the day The Nigerian Civil War ended.,1970-01-15
{name} was born on the day the Boeing 747 made its maiden flight.,1970-01-22
{name} was born on the day The Chicago Seven were acquitted.,1970-02-18
{name} was born on the day the Treaty on the Non-Proliferation of Nuclear Weapons was ratified.,1970-03-05
{name} was born on the day the Public Health Cigarette Smoking Act was signed.,1970-04-01
{name} was born on the day the Break-up of the Beatles occurred.,1970-04-10
{name} was born on the day Apollo 13 was launched.,1970-04-11
{name} was born on the day Thor Heyerdahl's papyrus boat Ra II arrived in Barbados.,1970-07-12
{name} was born on the day Black September began.,1970-09-06
{name} was born on the day PBS began broadcasting.,1970-10-05
{name} was born on the day Anwar Sadat became President of Egypt.,1970-10-15
{name} was born on the day the North Yemen Civil War ended.,1970-12-01
{name} was born on the day Airbus was established.,1970-12-18
{name} was born on the day Idi Amin seized power.,1971-01-25
{name} was born on the day the Bangladesh Liberation War occurred.,1971-03-26
{name} was born on the day NPR aired its first broadcast.,1971-04-20
{name} was born on the day the Twenty-sixth Amendment to the United States Constitution was certified.,1971-07-05
{name} was born on the day Black September ended.,1971-07-17
{name} was born on the day Zaire was renamed.,1971-10-27
{name} was born on the day Intel released the Intel 4004 microprocessor.,1971-11-15
{name} was born on the day of Bloody Sunday in Northern Ireland.,1972-01-30
{name} was born on the day The First Sudanese Civil War ended.,1972-03-27
{name} was born on the day Sabena Flight 571 was hijacked.,1972-05-08
{name} was born on the day the SALT I treaty was signed.,1972-05-26
{name} was born on the day of the Lod Airport massacre.,1972-05-30
{name} was born on the day Pong was released.,1972-11-29
"{name} was born on the day Denmark, Ireland, and the United Kingdom joined the European Communities.",1973-01-01
{name} was born on the day the Supreme Court decided Roe v. Wade.,1973-01-22
{name} was born on the day Pink Floyd's album The Dark Side of the Moon was released.,1973-03-01
{name} was born on the day the construction of the Sears Tower was completed.,1973-05-03
{name} was born on the day Skylab was launched.,1973-05-14
{name} was born on the day the 1973 Chilean coup d'état took place.,1973-09-11
{name} was born on the day Pioneer 10 sent back its first close-up images of Jupiter.,1973-12-03
{name} was born on the day the Carnation Revolution began in Portugal.,1974-04-25
{name} was born on the day Emperor Haile Selassie I was overthrown.,1974-09-12
{name} was born on the day Lucy was discovered.,1974-11-24
{name} was born on the day Microsoft was founded.,1975-04-04
{name} was born on the day the Bus massacre triggered the Lebanese Civil War.,1975-04-13
{name} was born on the day the Cambodian genocide began.,1975-04-17
{name} was born on the day The Fall of Saigon ended the Vietnam War.,1975-04-30
{name} was born on the day Prime Minister Indira Gandhi declared a state of emergency in India.,1975-06-25
{name} was born on the day the Helsinki Accords were signed.,1975-08-01
{name} was born on the day Angola declared independence.,1975-11-11
{name} was born on the day Francisco Franco died.,1975-11-20
{name} was born on the day Juan Carlos I became King of Spain.,1975-11-22
{name} was born on the day the Indonesian invasion of East Timor began.,1975-12-07
{name} was born on the day the 1976 Argentine coup d'état occurred.,1976-03-24
"{name} was born on April 1, 1976",1976-04-01
{name} was born on the day Operation Entebbe was carried out.,1976-07-04
{name} was born on the day the End of Cultural Revolution occurred.,1976-10-06
{name} was born on the day Jimmy Carter was inaugurated as President.,1977-01-20
{name} was born on the day Queen Alia of Jordan was killed.,1977-02-09
{name} was born on the day the Tenerife disaster occurred.,1977-03-27
{name} was born on the day Star Wars was released.,1977-05-25
{name} was born on the day the Second World Constituent Assembly took place.,1977-06-16
{name} was born on the day Djibouti gained independence.,1977-06-27
{name} was born on the day the Second World Constituent Assembly established a Provisional World Government.,1977-06-30
{name} was born on the day Somalia declared war on Ethiopia.,1977-07-13
{name} was born on the day Voyager 2 was launched.,1977-08-20
{name} was born on the day Voyager 1 was launched.,1977-09-05
{name} was born on the day German Autumn began with the abduction of Hanns Martin Schleyer.,1977-09-05
{name} was born on the day the crisis with the Baader-Meinhoff Group ended.,1977-10-19
{name} was born on the day the last wild case of smallpox was eradicated.,1977-10-26
{name} was born on the day Egyptian President Anwar Sadat visited Israel.,1977-11-19
{name} was born on the year the 1978 South Lebanon conflict started.,1978-03-14
{name} was born on the day the War in Afghanistan began.,1978-04-27
{name} was born on the day Garfield's comic strip went nationwide.,1978-06-19
"{name} was born on the day Charon, Pluto's moon, was discovered.",1978-06-22
{name} was born on the day John Paul I became pope.,1978-08-26
{name} was born on the day the Camp David Accords were signed.,1978-09-17
{name} was born on the day John Paul I died.,1978-09-28
{name} was born on the day Tuvalu gained independence from Britain.,1978-10-01
{name} was born on the day the Uganda-Tanzania War began.,1978-10-09
{name} was born on the day John Paul II became pope.,1978-10-16
{name} was born on the day the Peoples Temple ended in a tragic event.,1978-11-18
{name} was born on the day San Francisco Mayor George Moscone and City Supervisor Harvey Milk were assassinated.,1978-11-27
{name} was born on the day Deng Xiaoping commenced the Chinese economic reform.,1978-12-18
{name} was born on the day the Cambodian-Vietnamese War began.,1978-12-25
{name} was born on the day the new Spanish constitution took effect.,1978-12-29
{name} was born on the day the Vietnamese invasion of Kampuchea ended.,1979-01-07
{name} was born on the day the Iranian Revolution ended.,1979-02-11
{name} was born on the day the Central Treaty Organization dissolved.,1979-03-16
{name} was born on the day The Three Mile Island nuclear accident occurred.,1979-03-28
{name} was born on the day Margaret Thatcher became the first female Prime Minister of the United Kingdom.,1979-05-04
{name} was born on the day the Uganda-Tanzania War ended.,1979-06-03
{name} was born on the day John Wayne died.,1979-06-11
{name} was born on the day the Salvadoran Civil War began.,1979-10-15
{name} was born on the day Park Chung Hee was assassinated.,1979-10-26
{name} was born on the day the Iran hostage crisis began.,1979-11-04
{name} was born on the day the Rhodesian Bush War ended.,1979-12-12
{name} was born on the day the Soviet-Afghan War began.,1979-12-24
{name} was born on the day Rhodesia gained independence.,1980-04-18
{name} was born on the day smallpox was eradicated.,1980-05-08
{name} was born on the day the 1980 eruption of Mount St. Helens occurred.,1980-05-18
{name} was born on the day Pac-Man was released.,1980-05-22
{name} was born on the day CNN was launched.,1980-06-01
{name} was born on the day O Canada became the national anthem of Canada.,1980-07-01
{name} was born on the day Vanuatu gained independence.,1980-07-30
{name} was born on the day Solidarity union formed at Poland's Gdańsk Shipyard.,1980-08-31
{name} was born on the day the Iran–Iraq War began.,1980-09-22
{name} was born on the day Voyager 1 took close-up pictures of Saturn.,1980-11-13
{name} was born on the day John Lennon was murdered.,1980-12-08
{name} was born on the day Greece joined the European Communities.,1981-01-01
{name} was born on the day of an assassination attempt on President Reagan.,1981-03-30
{name} was born on the day the first orbital flight of the Space Shuttle took place.,1981-04-12
{name} was born on the day of Pope John Paul II's assassination attempt.,1981-05-13
{name} was born on the day the AIDS epidemic began.,1981-06-05
{name} was born on the day Operation Opera was conducted.,1981-06-07
{name} was born on the day MTV launched.,1981-08-01
{name} was born on the day the IBM Personal Computer was released.,1981-08-12
{name} was born on the day Anwar Sadat was assassinated.,1981-10-06
{name} was born on the day martial law began in Poland.,1981-12-13
{name} was born on the day Israel withdrew from the Sinai Peninsula.,1982-04-25
{name} was born on the first day of the First Israeli invasion of Lebanon.,1982-06-06
{name} was born on the day the Provisional World Parliament convened.,1982-09-04
{name} was born on the day the Sabra and Shatila massacre occurred.,1982-09-18
{name} was born on the day the Sony CDP-101 CD player was released.,1982-10-01
{name} was born on the day Michael Jackson released his album Thriller.,1982-11-30
{name} was born on the day the first execution by lethal injection took place.,1982-12-07
{name} was born on the day Brunei gained independence.,1983-01-01
{name} was born on the day Ronald Reagan announced the Strategic Defense Initiative.,1983-03-23
{name} was born on the day The Bombing of U.S. Embassy in Beirut occurred.,1983-04-18
{name} was born on the day the Second Sudanese Civil War began.,1983-06-05
{name} was born on the day Nintendo released Mario Bros.,1983-07-14
{name} was born on the day the Sri Lankan Civil War began.,1983-07-23
{name} was born on the day Korean Air Lines Flight 007 was shot down.,1983-09-01
{name} was born on the day Vanessa Lynn Williams became the first African-American Miss America.,1983-09-17
{name} was born on the day the Beirut barracks bombing resulted in a massive loss of life.,1983-10-23
{name} was born on the day the dictatorship ended in Argentina.,1983-12-10
{name} was born on the day Indira Gandhi was assassinated.,1984-10-31
{name} was born on the Bhopal disaster day.,1984-12-03
{name} was born on the day of the Sino-British Joint Declaration.,1984-12-19
{name} was born on the day Mikhail Gorbachev became the General Secretary of the Communist Party of the Soviet Union.,1985-03-11
{name} was born on the day the end of military leadership occurred in Brazil.,1985-03-15
{name} was born on the day Live Aid took place.,1985-07-13
{name} was born on the day the Iran–Contra affair began.,1985-08-20
{name} was born on the day the wreckage of the Titanic was found.,1985-09-01
{name} was born on the day a devastating earthquake hit Mexico City.,1985-09-19
{name} was born on the day the Macintosh 128K was released.,1985-10-01
{name} was born on the day the Armero tragedy occurred.,1985-11-13
{name} was born on the day Windows 1.0 was released.,1985-11-20
{name} was born on the day Portugal and Spain joined the European Communities.,1986-01-01
{name} was born on the day the first close-up images of the planet Uranus were captured.,1986-01-24
{name} was born on the day the Space Shuttle Challenger broke apart.,1986-01-28
{name} was born on the day Olof Palme was assassinated.,1986-02-28
{name} was born on the day U.S. planes bombed Libya.,1986-04-15
{name} was born on the day the Chernobyl disaster occurred.,1986-04-26
{name} was born on the day Samora Machel died in a plane crash.,1986-10-19
{name} was born on the day the Iran-Contra affair was publicly announced.,1986-11-03
{name} was born on the day the Battle of Cuito Cuanavale began.,1987-09-10
{name} was born on the day a radioactive contamination accident occurred in Goiânia.,1987-09-13
{name} was born on the day Huawei was founded.,1987-09-15
{name} was born on the Stock market crash day.,1987-10-19
{name} was born on the day the MV Doña Paz sank.,1987-12-20
{name} was born on the day the perestroika began.,1988-01-02
{name} was born on the day Lee Teng-hui took control of Taiwan.,1988-01-13
{name} was born on the day the Halabja chemical attack occurred.,1988-03-16
{name} was born on the day the Piper Alpha oil rig caught fire and exploded.,1988-07-06
{name} was born on the day the Iran–Iraq War ended.,1988-08-20
{name} was born on the day Augusto Pinochet lost a national plebiscite.,1988-10-05
{name} was born on the day the Morris worm was released.,1988-11-02
{name} was born on the day the independent State of Palestine was proclaimed.,1988-11-15
{name} was born on the day Benazir Bhutto was elected Prime Minister of Pakistan.,1988-12-02
{name} was born on the day the Spitak earthquake occurred.,1988-12-07
{name} was born on the day Pan Am Flight 103 exploded.,1988-12-21
{name} was born on the day Hirohito died and Akihito became Emperor.,1989-01-07
{name} was born on the day George H. W. Bush was inaugurated.,1989-01-20
{name} was born on the day Alfredo Stroessner was overthrown.,1989-02-02
{name} was born on the day a fatwa was issued against Salman Rushdie.,1989-02-14
{name} was born on the end of the Soviet war in Afghanistan.,1989-02-15
{name} was born on the day the Exxon Valdez oil spill occurred.,1989-03-24
{name} was born on the day Ruhollah Khomeini died and Ali Khamenei became Supreme Leader.,1989-06-03
{name} was born on the day Tank Man stood in front of a column of military tanks.,1989-06-05
{name} was born on the day Voyager 2 made its closest approach to Neptune.,1989-08-25
{name} was born on the day the Loma Prieta earthquake occurred.,1989-10-17
{name} was born on the day the Berlin Wall fell.,1989-11-09
{name} was born on the day the Communist government in Czechoslovakia fell.,1989-11-24
{name} was born on the day The Simpsons premiered.,1989-12-17
{name} was born on the day the United States invaded Panama.,1989-12-20
{name} was born on the day The First Liberian Civil War began.,1989-12-24
{name} was born on the day the Romanian Revolution ended.,1989-12-25
{name} was born on the day the first McDonald's in Moscow opened.,1990-01-31
{name} was born on the day Nelson Mandela was released from prison.,1990-02-11
{name} was born on the day Augusto Pinochet's dictatorship ended.,1990-03-11
{name} was born on the day the United States began broadcasting Radio y Televisión Martí.,1990-03-27
{name} was born on the day the Scandinavian Star caught fire.,1990-04-07
{name} was born on the day North and South Yemen unified.,1990-05-22
{name} was born on the day the Manjil-Rudbar earthquake occurred.,1990-06-21
{name} was born on the day a devastating earthquake occurred in Luzon.,1990-07-16
{name} was born on the day Aung San Suu Kyi was placed under house arrest.,1990-09-06
{name} was born on the day German reunification occurred.,1990-10-03
{name} was born on the day the Transnistria War began.,1990-11-02
{name} was born on the day Tim Berners-Lee published the first website.,1990-12-20
{name} was born on the day The Gulf War ended.,1991-02-28
{name} was born on the day Rodney King was beaten by Los Angeles police.,1991-03-03
{name} was born on the day the Sierra Leone Civil War began.,1991-03-23
{name} was born on the day Elizabeth II addressed the U.S. Congress.,1991-05-16
{name} was born on the day Rajiv Gandhi was assassinated.,1991-05-21
{name} was born on the day President George H. W. Bush nominated Clarence Thomas for the Supreme Court.,1991-07-01
{name} was born on the day Boris Yeltsin became the President of Russia.,1991-07-10
{name} was born on the day a solar eclipse occurred in the Northern hemisphere.,1991-07-11
{name} was born on the day Jeffrey Dahmer was arrested.,1991-07-22
{name} was born on the day the Soviet coup attempt occurred.,1991-08-19
{name} was born on the day Michael Schumacher made his Formula One debut.,1991-08-25
{name} was born on the day North and South Korea were admitted to the United Nations.,1991-09-17
{name} was born on the day Ötzi the Iceman was found.,1991-09-19
{name} was born on the day the U.S. House Bank was announced to be closed.,1991-10-03
{name} was born on the day Linus Torvalds launched the first version of the Linux kernel.,1991-10-05
{name} was born on the day the Kuiper belt and the first extrasolar planets were discovered.,1992-01-09
{name} was born on the day the Salvadorian Civil War ended.,1992-01-16
{name} was born on the day the Maastricht Treaty was signed.,1992-02-07
{name} was born on the day Jeffrey Dahmer was sentenced.,1992-02-17
{name} was born on the day communism ended in Albania.,1992-04-03
{name} was born on the day the Bosnian War began.,1992-04-06
{name} was born on the day the Guadalajara gas explosion occurred.,1992-04-22
{name} was born on the day Falun Gong was introduced.,1992-05-13
{name} was born on the day the first World Oceans Day was celebrated.,1992-06-08
{name} was born on the day the Transnistria War ended.,1992-07-21
{name} was born on the day the El Al Flight 1862 crashed.,1992-10-04
{name} was born on the day Lennart Meri became the President of Estonia.,1992-10-06
{name} was born on the day Kim Young-sam won the South Korean presidential election.,1992-12-18
{name} was born on the day the Velvet Divorce between Czech Republic and Slovakia took place.,1993-01-01
{name} was born on the day Bill Clinton was inaugurated.,1993-01-20
{name} was born on the day the 1993 World Trade Center bombing occurred.,1993-02-26
"{name} was born on the day several bombs exploded in Bombay, India.",1993-03-12
{name} was born on the day Eritrea gained independence.,1993-05-24
{name} was born on the day allegations of child sexual abuse were made against him.,1993-08-24
{name} was born on the day the Oslo accords ended the First Intifada.,1993-09-13
{name} was born on the day the first mission in Biosphere 2 ended.,1993-09-26
{name} was born on the day tanks bombarded the Russian parliament.,1993-10-04
{name} was born on the day the Maastricht Treaty came into effect.,1993-11-01
{name} was born on the release date of Schindler's List.,1993-11-30
{name} was born on the day Pablo Escobar was killed.,1993-12-02
{name} was born on the day NAFTA was established.,1994-01-01
{name} was born on the day the Northridge earthquake struck.,1994-01-17
{name} was born on the day the Cave of the Patriarchs massacre occurred.,1994-02-25
{name} was born on the day the assassination of Juvénal Habyarimana triggered the Rwandan genocide.,1994-04-06
{name} was born on the day the Channel Tunnel was opened.,1994-05-06
{name} was born on the day apartheid ended in South Africa.,1994-05-10
{name} was born on the release date of The Lion King.,1994-06-15
{name} was born on the release date of Forrest Gump.,1994-06-23
{name} was born on the day Plano Real introduced the new real currency in Brazil.,1994-07-01
{name} was born on the day Amazon was founded.,1994-07-05
{name} was born on the day Operation Uphold Democracy began.,1994-09-19
{name} was born on the day the MS Estonia sank.,1994-09-28
{name} was born on the day Palau gained independence from the United States.,1994-10-01
{name} was born on the day George Foreman won the World Heavyweight Championship by knockout.,1994-11-05
{name} was born on the day the First Chechen War began.,1994-12-11
{name} was born on the day the construction of the Three Gorges Dam began.,1994-12-14
{name} was born on the day a 6.9 Mw Great Hanshin earthquake struck Japan.,1995-01-17
{name} was born on the day Norman Thagard became the first American to ride into space.,1995-03-14
{name} was born on the day the Tokyo subway sarin attack occurred.,1995-03-20
{name} was born on the day the Alfred P. Murrah Federal Building was bombed.,1995-04-19
{name} was born on the day the 11th reincarnation of the Panchen Lama was proclaimed.,1995-05-14
{name} was born on the day the Sampoong Department Store collapsed.,1995-06-29
{name} was born on the day the Third Taiwan Strait Crisis began.,1995-07-21
{name} was born on the day Windows 95 was released.,1995-08-24
{name} was born on the day eBay was founded.,1995-09-03
{name} was born on the day the Unabomber Manifesto was published.,1995-09-19
{name} was born on the day the Oslo II Accord took place.,1995-09-28
{name} was born on the day O. J. Simpson was found not guilty.,1995-10-03
{name} was born on the day the Million Man March was held.,1995-10-16
{name} was born on the day Yitzhak Rabin was assassinated.,1995-11-04
{name} was born on the day the movie Toy Story premiered.,1995-11-22
{name} was born on the day the Dayton Accords were signed.,1995-12-14
{name} was born on the day the Nepalese Civil War began.,1996-02-13
{name} was born on the day The Third Taiwan Strait Crisis ended.,1996-03-23
{name} was born on the day Theodore Kaczynski was arrested.,1996-04-03
{name} was born on the day a deadly storm hit Mount Everest.,1996-05-10
{name} was born on the day ValuJet Flight 592 crashed.,1996-05-11
{name} was born on the day Dolly the sheep was cloned.,1996-07-05
{name} was born on the day TWA Flight 800 crashed.,1996-07-17
{name} was born on the day of the Centennial Olympic Park bombing.,1996-07-27
{name} was born on the day The First Chechen War ended.,1996-08-31
{name} was born on the day a permanent peace agreement was signed between the Government of the Philippines and the Moro National Liberation Front.,1996-09-02
{name} was born on the day the Islamic Emirate of Afghanistan was formed.,1996-09-27
{name} was born on the day the First Congo War began.,1996-10-24
{name} was born on the day DVDs were released in Japan.,1996-11-01
{name} was born on the day of the Israeli helicopter disaster.,1997-02-04
{name} was born on the day the Island of Peace massacre occurred.,1997-03-13
{name} was born on the day the first episode of Pokémon aired.,1997-04-01
{name} was born on the day the Japanese ambassador's hostage crisis ended.,1997-04-22
{name} was born on the day Kabila ousted Mobutu and Zaire became the Democratic Republic of the Congo.,1997-05-17
{name} was born on the day the WNBA played its first game.,1997-06-21
{name} was born on the day J.K. Rowling published Harry Potter and the Philosopher's Stone.,1997-06-25
{name} was born on the day the handover of Hong Kong took place.,1997-07-01
{name} was born on the day the Thai currency floated.,1997-07-02
{name} was born on the day the F. W. Woolworth Company closed.,1997-07-17
{name} was born on the day The First Liberian Civil War ended.,1997-08-02
{name} was born on the day Netflix was launched.,1997-08-29
"{name} was born on the day Diana, Princess of Wales died in a car accident.",1997-08-31
{name} was born on the day a terrorist attack occurred outside the Temple of Hatshepsut.,1997-11-17
{name} was born on the day Cebu Pacific Flight 387 crashed.,1998-02-02
{name} was born on the day an US pilot caused 20 casualties in Italy.,1998-02-03
{name} was born on the day a study suggesting a link between MMR vaccine and autism was published.,1998-02-28
{name} was born on the day The Good Friday Agreement brought an end to The Troubles.,1998-04-10
{name} was born on the day Pol Pot died.,1998-04-15
{name} was born on the day Nicholas II of Russia and his family were buried.,1998-07-17
{name} was born on the day the Second Congo War began.,1998-08-02
{name} was born on the day of the Kenya and Tanzania bombings.,1998-08-07
{name} was born on the day of the Omagh bombing.,1998-08-15
{name} was born on the day Google was founded.,1998-09-04
{name} was born on the day the International Space Station's first segment was launched.,1998-11-20
{name} was born on the day Bill Clinton's impeachment began.,1998-12-19
{name} was born on the day the Euro was introduced.,1999-01-01
{name} was born on the day Hugo Chavez became President of Venezuela.,1999-02-02
{name} was born on the day of the Columbine High School massacre.,1999-04-20
{name} was born on the day The Second Liberian Civil War began.,1999-04-21
{name} was born on the day SpongeBob SquarePants aired.,1999-05-01
{name} was born on the day the Kosovo War ended.,1999-06-11
{name} was born on the day At least 58 people die and hundreds of homes are buried in a massive landslide triggered by Typhoon Olga.,1999-08-03
{name} was born on the day the Second Chechen War began.,1999-08-26
{name} was born on the day the world population reached 6 billion.,1999-10-12
{name} was born on the day EgyptAir Flight 990 crashed.,1999-10-31
{name} was born on the day ExxonMobil was founded.,1999-11-30
{name} was born on the day Tori Murden crossed the Atlantic Ocean by rowboat alone.,1999-12-03
{name} was born on the day Macau was handed over from Portugal.,1999-12-20
{name} was born on the day the first day of the 3rd millennium was celebrated.,2000-01-01
{name} was born on the day torrential rains caused devastating floods in Africa.,2000-02-09
{name} was born on the day the Dot-com bubble burst.,2000-03-10
{name} was born on the day the Sony PlayStation 2 released.,2000-03-04
{name} was born on the day Pope John Paul II apologized for the wrongdoing by the Roman Catholic Church.,2000-03-12
{name} was born on the day 778 members of the Movement for the Restoration of the Ten Commandments of God died.,2000-03-17
{name} was born on the day Vladimir Putin was elected President of Russia.,2000-03-26
{name} was born on the day The Canonization of Faustina Kowalska occurred.,2000-04-30
{name} was born on the day the British Army launched Operation Palliser.,2000-05-06
{name} was born on the day India reached 1 billion people.,2000-05-11
{name} was born on the Israeli withdrawal from Lebanon.,2000-05-25
{name} was born on the day a centennial earthquake hit Iceland.,2000-06-17
{name} was born on the day the Øresund Bridge was opened.,2000-07-01
{name} was born on the day the Human Genome Project announcement took place.,2000-07-07
{name} was born on the day of the Payatas garbage dump disaster.,2000-07-10
{name} was born on the day a powerful solar flare caused a geomagnetic storm.,2000-07-14
{name} was born on the day Concorde Air France Flight 4590 crashed.,2000-07-25
{name} was born on the day the Russian submarine Kursk exploded.,2000-08-12
{name} was born on the day five British soldiers were rescued in Sierra Leone.,2000-09-10
{name} was born on the day Mac OS X was introduced.,2000-09-13
{name} was born on the day the Greek ferry Express Samina sank.,2000-09-26
{name} was born on the day The Second Intifada began.,2000-09-28
{name} was born on the day Slobodan Milošević resigned.,2000-10-05
{name} was born on the day al-Qaeda bombed the USS Cole.,2000-10-12
{name} was born on the day the International Space Station began operations.,2000-11-02
{name} was born on the day the US Supreme Court declared George W. Bush President.,2000-12-12
{name} was born on the day the Luoyang Christmas fire occurred.,2000-12-25
